"Period","Keeper"
"renaissance","Getty Research Institute"
"renaissance","Getty Research Institute"
"renaissance","Getty Research Institute"
"renaissance","Getty Research Institute"
"renaissance","Getty Research Institute"
"renaissance","Getty Research Institute"
"renaissance","Getty Research Institute"
"renaissance","Getty Research Institute"
"renaissance","Getty Research Institute"
"renaissance","Getty Research Institute"
"renaissance","Getty Research Institute"
"15th century","Getty Research Institute"
"15th century","Getty Research Institute"
"15th century","Getty Research Institute"
"15th century","Getty Research Institute"
"15th century","Getty Research Institute"
"15th century","Getty Research Institute"
"15th century","Getty Research Institute"
"17th century","Getty Research Institute"
"17th century","Getty Research Institute"
"17th century","Getty Research Institute"
"17th century","Getty Research Institute"
"17th century","Getty Research Institute"
"17th century","Getty Research Institute"
"17th century","Getty Research Institute"
"mannerism","Getty Research Institute"
"mannerism","Getty Research Institute"
"mannerism","Getty Research Institute"
"mannerism","Getty Research Institute"
"mannerism","Getty Research Institute"
"mannerism","Getty Research Institute"
"baroque","Getty Research Institute"
"baroque","Getty Research Institute"
"baroque","Getty Research Institute"
"baroque","Getty Research Institute"
"baroque","Getty Research Institute"
"baroque","Getty Research Institute"
"baroque","Getty Research Institute"
"baroque","Getty Research Institute"
"baroque","Getty Research Institute"
"baroque","Getty Research Institute"
"baroque","Getty Research Institute"
"modern art","Getty Research Institute"
"16th century","Getty Research Institute"
"16th century","Getty Research Institute"
"16th century","Getty Research Institute"
"16th century","Getty Research Institute"
"16th century","Getty Research Institute"
"16th century","Getty Research Institute"
"16th century","Getty Research Institute"
"16th century","Getty Research Institute"
"16th century","Getty Research Institute"
"byzantine art","Getty Research Institute"
"byzantine art","Getty Research Institute"
"byzantine art","Getty Research Institute"
"byzantine art","Getty Research Institute"
"neoclassicism","Getty Research Institute"
"neoclassicism","Getty Research Institute"
"18th century","Getty Research Institute"
"18th century","Getty Research Institute"
"18th century","Getty Research Institute"
"middle ages","Getty Research Institute"
"middle ages","Getty Research Institute"
"middle ages","Getty Research Institute"
"middle ages","Getty Research Institute"
"middle ages","Getty Research Institute"
"middle ages","Getty Research Institute"
"19th century","Getty Research Institute"
"early christian art and architecture","Getty Research Institute"
"early christian art and architecture","Getty Research Institute"
"cold war","Getty Research Institute"
"14th century","Getty Research Institute"
"romanticism","Getty Research Institute"
"renaissance","Getty Research Institute"
"renaissance","Getty Research Institute"
"renaissance","Getty Research Institute"
"renaissance","Getty Research Institute"
"renaissance","Getty Research Institute"
"renaissance","Getty Research Institute"
"renaissance","Getty Research Institute"
"renaissance","Getty Research Institute"
"renaissance","Getty Research Institute"
"renaissance","Getty Research Institute"
"renaissance","Getty Research Institute"
"15th century","Getty Research Institute"
"15th century","Getty Research Institute"
"15th century","Getty Research Institute"
"15th century","Getty Research Institute"
"15th century","Getty Research Institute"
"15th century","Getty Research Institute"
"15th century","Getty Research Institute"
"17th century","Getty Research Institute"
"17th century","Getty Research Institute"
"17th century","Getty Research Institute"
"17th century","Getty Research Institute"
"17th century","Getty Research Institute"
"17th century","Getty Research Institute"
"17th century","Getty Research Institute"
"mannerism","Getty Research Institute"
"mannerism","Getty Research Institute"
"mannerism","Getty Research Institute"
"mannerism","Getty Research Institute"
"mannerism","Getty Research Institute"
"mannerism","Getty Research Institute"
"baroque","Getty Research Institute"
"baroque","Getty Research Institute"
"baroque","Getty Research Institute"
"baroque","Getty Research Institute"
"baroque","Getty Research Institute"
"baroque","Getty Research Institute"
"baroque","Getty Research Institute"
"baroque","Getty Research Institute"
"baroque","Getty Research Institute"
"baroque","Getty Research Institute"
"baroque","Getty Research Institute"
"modern art","Getty Research Institute"
"16th century","Getty Research Institute"
"16th century","Getty Research Institute"
"16th century","Getty Research Institute"
"16th century","Getty Research Institute"
"16th century","Getty Research Institute"
"16th century","Getty Research Institute"
"16th century","Getty Research Institute"
"16th century","Getty Research Institute"
"16th century","Getty Research Institute"
"byzantine art","Getty Research Institute"
"byzantine art","Getty Research Institute"
"byzantine art","Getty Research Institute"
"byzantine art","Getty Research Institute"
"neoclassicism","Getty Research Institute"
"neoclassicism","Getty Research Institute"
"18th century","Getty Research Institute"
"18th century","Getty Research Institute"
"18th century","Getty Research Institute"
"middle ages","Getty Research Institute"
"middle ages","Getty Research Institute"
"middle ages","Getty Research Institute"
"middle ages","Getty Research Institute"
"middle ages","Getty Research Institute"
"middle ages","Getty Research Institute"
"19th century","Getty Research Institute"
"early christian art and architecture","Getty Research Institute"
"early christian art and architecture","Getty Research Institute"
"cold war","Getty Research Institute"
"14th century","Getty Research Institute"
"romanticism","Getty Research Institute"
"renaissance","Getty Research Institute"
"renaissance","Getty Research Institute"
"renaissance","Getty Research Institute"
"renaissance","Getty Research Institute"
"renaissance","Getty Research Institute"
"renaissance","Getty Research Institute"
"renaissance","Getty Research Institute"
"renaissance","Getty Research Institute"
"renaissance","Getty Research Institute"
"renaissance","Getty Research Institute"
"renaissance","Getty Research Institute"
"15th century","Getty Research Institute"
"15th century","Getty Research Institute"
"15th century","Getty Research Institute"
"15th century","Getty Research Institute"
"15th century","Getty Research Institute"
"15th century","Getty Research Institute"
"15th century","Getty Research Institute"
"17th century","Getty Research Institute"
"17th century","Getty Research Institute"
"17th century","Getty Research Institute"
"17th century","Getty Research Institute"
"17th century","Getty Research Institute"
"17th century","Getty Research Institute"
"17th century","Getty Research Institute"
"mannerism","Getty Research Institute"
"mannerism","Getty Research Institute"
"mannerism","Getty Research Institute"
"mannerism","Getty Research Institute"
"mannerism","Getty Research Institute"
"mannerism","Getty Research Institute"
"baroque","Getty Research Institute"
"baroque","Getty Research Institute"
"baroque","Getty Research Institute"
"baroque","Getty Research Institute"
"baroque","Getty Research Institute"
"baroque","Getty Research Institute"
"baroque","Getty Research Institute"
"baroque","Getty Research Institute"
"baroque","Getty Research Institute"
"baroque","Getty Research Institute"
"baroque","Getty Research Institute"
"modern art","Getty Research Institute"
"16th century","Getty Research Institute"
"16th century","Getty Research Institute"
"16th century","Getty Research Institute"
"16th century","Getty Research Institute"
"16th century","Getty Research Institute"
"16th century","Getty Research Institute"
"16th century","Getty Research Institute"
"16th century","Getty Research Institute"
"16th century","Getty Research Institute"
"byzantine art","Getty Research Institute"
"byzantine art","Getty Research Institute"
"byzantine art","Getty Research Institute"
"byzantine art","Getty Research Institute"
"neoclassicism","Getty Research Institute"
"neoclassicism","Getty Research Institute"
"18th century","Getty Research Institute"
"18th century","Getty Research Institute"
"18th century","Getty Research Institute"
"middle ages","Getty Research Institute"
"middle ages","Getty Research Institute"
"middle ages","Getty Research Institute"
"middle ages","Getty Research Institute"
"middle ages","Getty Research Institute"
"middle ages","Getty Research Institute"
"19th century","Getty Research Institute"
"early christian art and architecture","Getty Research Institute"
"early christian art and architecture","Getty Research Institute"
"cold war","Getty Research Institute"
"14th century","Getty Research Institute"
"romanticism","Getty Research Institute"
"renaissance","Getty Research Institute"
"renaissance","Getty Research Institute"
"renaissance","Getty Research Institute"
"renaissance","Getty Research Institute"
"renaissance","Getty Research Institute"
"renaissance","Getty Research Institute"
"renaissance","Getty Research Institute"
"renaissance","Getty Research Institute"
"renaissance","Getty Research Institute"
"renaissance","Getty Research Institute"
"renaissance","Getty Research Institute"
"15th century","Getty Research Institute"
"15th century","Getty Research Institute"
"15th century","Getty Research Institute"
"15th century","Getty Research Institute"
"15th century","Getty Research Institute"
"15th century","Getty Research Institute"
"15th century","Getty Research Institute"
"17th century","Getty Research Institute"
"17th century","Getty Research Institute"
"17th century","Getty Research Institute"
"17th century","Getty Research Institute"
"17th century","Getty Research Institute"
"17th century","Getty Research Institute"
"17th century","Getty Research Institute"
"mannerism","Getty Research Institute"
"mannerism","Getty Research Institute"
"mannerism","Getty Research Institute"
"mannerism","Getty Research Institute"
"mannerism","Getty Research Institute"
"mannerism","Getty Research Institute"
"baroque","Getty Research Institute"
"baroque","Getty Research Institute"
"baroque","Getty Research Institute"
"baroque","Getty Research Institute"
"baroque","Getty Research Institute"
"baroque","Getty Research Institute"
"baroque","Getty Research Institute"
"baroque","Getty Research Institute"
"baroque","Getty Research Institute"
"baroque","Getty Research Institute"
"baroque","Getty Research Institute"
"modern art","Getty Research Institute"
"16th century","Getty Research Institute"
"16th century","Getty Research Institute"
"16th century","Getty Research Institute"
"16th century","Getty Research Institute"
"16th century","Getty Research Institute"
"16th century","Getty Research Institute"
"16th century","Getty Research Institute"
"16th century","Getty Research Institute"
"16th century","Getty Research Institute"
"byzantine art","Getty Research Institute"
"byzantine art","Getty Research Institute"
"byzantine art","Getty Research Institute"
"byzantine art","Getty Research Institute"
"neoclassicism","Getty Research Institute"
"neoclassicism","Getty Research Institute"
"18th century","Getty Research Institute"
"18th century","Getty Research Institute"
"18th century","Getty Research Institute"
"middle ages","Getty Research Institute"
"middle ages","Getty Research Institute"
"middle ages","Getty Research Institute"
"middle ages","Getty Research Institute"
"middle ages","Getty Research Institute"
"middle ages","Getty Research Institute"
"19th century","Getty Research Institute"
"early christian art and architecture","Getty Research Institute"
"early christian art and architecture","Getty Research Institute"
"cold war","Getty Research Institute"
"14th century","Getty Research Institute"
"romanticism","Getty Research Institute"
"renaissance","Getty Research Institute"
"renaissance","Getty Research Institute"
"renaissance","Getty Research Institute"
"renaissance","Getty Research Institute"
"renaissance","Getty Research Institute"
"renaissance","Getty Research Institute"
"renaissance","Getty Research Institute"
"renaissance","Getty Research Institute"
"renaissance","Getty Research Institute"
"renaissance","Getty Research Institute"
"renaissance","Getty Research Institute"
"15th century","Getty Research Institute"
"15th century","Getty Research Institute"
"15th century","Getty Research Institute"
"15th century","Getty Research Institute"
"15th century","Getty Research Institute"
"15th century","Getty Research Institute"
"15th century","Getty Research Institute"
"17th century","Getty Research Institute"
"17th century","Getty Research Institute"
"17th century","Getty Research Institute"
"17th century","Getty Research Institute"
"17th century","Getty Research Institute"
"17th century","Getty Research Institute"
"17th century","Getty Research Institute"
"mannerism","Getty Research Institute"
"mannerism","Getty Research Institute"
"mannerism","Getty Research Institute"
"mannerism","Getty Research Institute"
"mannerism","Getty Research Institute"
"mannerism","Getty Research Institute"
"baroque","Getty Research Institute"
"baroque","Getty Research Institute"
"baroque","Getty Research Institute"
"baroque","Getty Research Institute"
"baroque","Getty Research Institute"
"baroque","Getty Research Institute"
"baroque","Getty Research Institute"
"baroque","Getty Research Institute"
"baroque","Getty Research Institute"
"baroque","Getty Research Institute"
"baroque","Getty Research Institute"
"modern art","Getty Research Institute"
"16th century","Getty Research Institute"
"16th century","Getty Research Institute"
"16th century","Getty Research Institute"
"16th century","Getty Research Institute"
"16th century","Getty Research Institute"
"16th century","Getty Research Institute"
"16th century","Getty Research Institute"
"16th century","Getty Research Institute"
"16th century","Getty Research Institute"
"byzantine art","Getty Research Institute"
"byzantine art","Getty Research Institute"
"byzantine art","Getty Research Institute"
"byzantine art","Getty Research Institute"
"neoclassicism","Getty Research Institute"
"neoclassicism","Getty Research Institute"
"18th century","Getty Research Institute"
"18th century","Getty Research Institute"
"18th century","Getty Research Institute"
"middle ages","Getty Research Institute"
"middle ages","Getty Research Institute"
"middle ages","Getty Research Institute"
"middle ages","Getty Research Institute"
"middle ages","Getty Research Institute"
"middle ages","Getty Research Institute"
"19th century","Getty Research Institute"
"early christian art and architecture","Getty Research Institute"
"early christian art and architecture","Getty Research Institute"
"cold war","Getty Research Institute"
"14th century","Getty Research Institute"
"romanticism","Getty Research Institute"
"renaissance","Getty Research Institute"
"renaissance","Getty Research Institute"
"renaissance","Getty Research Institute"
"renaissance","Getty Research Institute"
"renaissance","Getty Research Institute"
"renaissance","Getty Research Institute"
"renaissance","Getty Research Institute"
"renaissance","Getty Research Institute"
"renaissance","Getty Research Institute"
"renaissance","Getty Research Institute"
"renaissance","Getty Research Institute"
"15th century","Getty Research Institute"
"15th century","Getty Research Institute"
"15th century","Getty Research Institute"
"15th century","Getty Research Institute"
"15th century","Getty Research Institute"
"15th century","Getty Research Institute"
"15th century","Getty Research Institute"
"17th century","Getty Research Institute"
"17th century","Getty Research Institute"
"17th century","Getty Research Institute"
"17th century","Getty Research Institute"
"17th century","Getty Research Institute"
"17th century","Getty Research Institute"
"17th century","Getty Research Institute"
"mannerism","Getty Research Institute"
"mannerism","Getty Research Institute"
"mannerism","Getty Research Institute"
"mannerism","Getty Research Institute"
"mannerism","Getty Research Institute"
"mannerism","Getty Research Institute"
"baroque","Getty Research Institute"
"baroque","Getty Research Institute"
"baroque","Getty Research Institute"
"baroque","Getty Research Institute"
"baroque","Getty Research Institute"
"baroque","Getty Research Institute"
"baroque","Getty Research Institute"
"baroque","Getty Research Institute"
"baroque","Getty Research Institute"
"baroque","Getty Research Institute"
"baroque","Getty Research Institute"
"modern art","Getty Research Institute"
"16th century","Getty Research Institute"
"16th century","Getty Research Institute"
"16th century","Getty Research Institute"
"16th century","Getty Research Institute"
"16th century","Getty Research Institute"
"16th century","Getty Research Institute"
"16th century","Getty Research Institute"
"16th century","Getty Research Institute"
"16th century","Getty Research Institute"
"byzantine art","Getty Research Institute"
"byzantine art","Getty Research Institute"
"byzantine art","Getty Research Institute"
"byzantine art","Getty Research Institute"
"neoclassicism","Getty Research Institute"
"neoclassicism","Getty Research Institute"
"18th century","Getty Research Institute"
"18th century","Getty Research Institute"
"18th century","Getty Research Institute"
"middle ages","Getty Research Institute"
"middle ages","Getty Research Institute"
"middle ages","Getty Research Institute"
"middle ages","Getty Research Institute"
"middle ages","Getty Research Institute"
"middle ages","Getty Research Institute"
"19th century","Getty Research Institute"
"early christian art and architecture","Getty Research Institute"
"early christian art and architecture","Getty Research Institute"
"cold war","Getty Research Institute"
"14th century","Getty Research Institute"
"romanticism","Getty Research Institute"
"renaissance","Getty Research Institute"
"renaissance","Getty Research Institute"
"renaissance","Getty Research Institute"
"renaissance","Getty Research Institute"
"renaissance","Getty Research Institute"
"renaissance","Getty Research Institute"
"renaissance","Getty Research Institute"
"renaissance","Getty Research Institute"
"renaissance","Getty Research Institute"
"renaissance","Getty Research Institute"
"renaissance","Getty Research Institute"
"15th century","Getty Research Institute"
"15th century","Getty Research Institute"
"15th century","Getty Research Institute"
"15th century","Getty Research Institute"
"15th century","Getty Research Institute"
"15th century","Getty Research Institute"
"15th century","Getty Research Institute"
"17th century","Getty Research Institute"
"17th century","Getty Research Institute"
"17th century","Getty Research Institute"
"17th century","Getty Research Institute"
"17th century","Getty Research Institute"
"17th century","Getty Research Institute"
"17th century","Getty Research Institute"
"mannerism","Getty Research Institute"
"mannerism","Getty Research Institute"
"mannerism","Getty Research Institute"
"mannerism","Getty Research Institute"
"mannerism","Getty Research Institute"
"mannerism","Getty Research Institute"
"baroque","Getty Research Institute"
"baroque","Getty Research Institute"
"baroque","Getty Research Institute"
"baroque","Getty Research Institute"
"baroque","Getty Research Institute"
"baroque","Getty Research Institute"
"baroque","Getty Research Institute"
"baroque","Getty Research Institute"
"baroque","Getty Research Institute"
"baroque","Getty Research Institute"
"baroque","Getty Research Institute"
"modern art","Getty Research Institute"
"16th century","Getty Research Institute"
"16th century","Getty Research Institute"
"16th century","Getty Research Institute"
"16th century","Getty Research Institute"
"16th century","Getty Research Institute"
"16th century","Getty Research Institute"
"16th century","Getty Research Institute"
"16th century","Getty Research Institute"
"16th century","Getty Research Institute"
"byzantine art","Getty Research Institute"
"byzantine art","Getty Research Institute"
"byzantine art","Getty Research Institute"
"byzantine art","Getty Research Institute"
"neoclassicism","Getty Research Institute"
"neoclassicism","Getty Research Institute"
"18th century","Getty Research Institute"
"18th century","Getty Research Institute"
"18th century","Getty Research Institute"
"middle ages","Getty Research Institute"
"middle ages","Getty Research Institute"
"middle ages","Getty Research Institute"
"middle ages","Getty Research Institute"
"middle ages","Getty Research Institute"
"middle ages","Getty Research Institute"
"19th century","Getty Research Institute"
"early christian art and architecture","Getty Research Institute"
"early christian art and architecture","Getty Research Institute"
"cold war","Getty Research Institute"
"14th century","Getty Research Institute"
"romanticism","Getty Research Institute"
"renaissance","Getty Research Institute"
"renaissance","Getty Research Institute"
"renaissance","Getty Research Institute"
"renaissance","Getty Research Institute"
"renaissance","Getty Research Institute"
"renaissance","Getty Research Institute"
"renaissance","Getty Research Institute"
"renaissance","Getty Research Institute"
"renaissance","Getty Research Institute"
"renaissance","Getty Research Institute"
"renaissance","Getty Research Institute"
"15th century","Getty Research Institute"
"15th century","Getty Research Institute"
"15th century","Getty Research Institute"
"15th century","Getty Research Institute"
"15th century","Getty Research Institute"
"15th century","Getty Research Institute"
"15th century","Getty Research Institute"
"17th century","Getty Research Institute"
"17th century","Getty Research Institute"
"17th century","Getty Research Institute"
"17th century","Getty Research Institute"
"17th century","Getty Research Institute"
"17th century","Getty Research Institute"
"17th century","Getty Research Institute"
"mannerism","Getty Research Institute"
"mannerism","Getty Research Institute"
"mannerism","Getty Research Institute"
"mannerism","Getty Research Institute"
"mannerism","Getty Research Institute"
"mannerism","Getty Research Institute"
"baroque","Getty Research Institute"
"baroque","Getty Research Institute"
"baroque","Getty Research Institute"
"baroque","Getty Research Institute"
"baroque","Getty Research Institute"
"baroque","Getty Research Institute"
"baroque","Getty Research Institute"
"baroque","Getty Research Institute"
"baroque","Getty Research Institute"
"baroque","Getty Research Institute"
"baroque","Getty Research Institute"
"modern art","Getty Research Institute"
"16th century","Getty Research Institute"
"16th century","Getty Research Institute"
"16th century","Getty Research Institute"
"16th century","Getty Research Institute"
"16th century","Getty Research Institute"
"16th century","Getty Research Institute"
"16th century","Getty Research Institute"
"16th century","Getty Research Institute"
"16th century","Getty Research Institute"
"byzantine art","Getty Research Institute"
"byzantine art","Getty Research Institute"
"byzantine art","Getty Research Institute"
"byzantine art","Getty Research Institute"
"neoclassicism","Getty Research Institute"
"neoclassicism","Getty Research Institute"
"18th century","Getty Research Institute"
"18th century","Getty Research Institute"
"18th century","Getty Research Institute"
"middle ages","Getty Research Institute"
"middle ages","Getty Research Institute"
"middle ages","Getty Research Institute"
"middle ages","Getty Research Institute"
"middle ages","Getty Research Institute"
"middle ages","Getty Research Institute"
"19th century","Getty Research Institute"
"early christian art and architecture","Getty Research Institute"
"early christian art and architecture","Getty Research Institute"
"cold war","Getty Research Institute"
"14th century","Getty Research Institute"
"romanticism","Getty Research Institute"
"renaissance","Scuola Normale Superiore"
"renaissance","Scuola Normale Superiore"
"renaissance","Scuola Normale Superiore"
"renaissance","Scuola Normale Superiore"
"renaissance","Scuola Normale Superiore"
"renaissance","Scuola Normale Superiore"
"renaissance","Scuola Normale Superiore"
"renaissance","Scuola Normale Superiore"
"renaissance","Scuola Normale Superiore"
"renaissance","Scuola Normale Superiore"
"renaissance","Scuola Normale Superiore"
"15th century","Scuola Normale Superiore"
"15th century","Scuola Normale Superiore"
"15th century","Scuola Normale Superiore"
"15th century","Scuola Normale Superiore"
"15th century","Scuola Normale Superiore"
"15th century","Scuola Normale Superiore"
"15th century","Scuola Normale Superiore"
"17th century","Scuola Normale Superiore"
"17th century","Scuola Normale Superiore"
"17th century","Scuola Normale Superiore"
"17th century","Scuola Normale Superiore"
"17th century","Scuola Normale Superiore"
"17th century","Scuola Normale Superiore"
"17th century","Scuola Normale Superiore"
"mannerism","Scuola Normale Superiore"
"mannerism","Scuola Normale Superiore"
"mannerism","Scuola Normale Superiore"
"mannerism","Scuola Normale Superiore"
"mannerism","Scuola Normale Superiore"
"mannerism","Scuola Normale Superiore"
"baroque","Scuola Normale Superiore"
"baroque","Scuola Normale Superiore"
"baroque","Scuola Normale Superiore"
"baroque","Scuola Normale Superiore"
"baroque","Scuola Normale Superiore"
"baroque","Scuola Normale Superiore"
"baroque","Scuola Normale Superiore"
"baroque","Scuola Normale Superiore"
"baroque","Scuola Normale Superiore"
"baroque","Scuola Normale Superiore"
"baroque","Scuola Normale Superiore"
"modern art","Scuola Normale Superiore"
"16th century","Scuola Normale Superiore"
"16th century","Scuola Normale Superiore"
"16th century","Scuola Normale Superiore"
"16th century","Scuola Normale Superiore"
"16th century","Scuola Normale Superiore"
"16th century","Scuola Normale Superiore"
"16th century","Scuola Normale Superiore"
"16th century","Scuola Normale Superiore"
"16th century","Scuola Normale Superiore"
"byzantine art","Scuola Normale Superiore"
"byzantine art","Scuola Normale Superiore"
"byzantine art","Scuola Normale Superiore"
"byzantine art","Scuola Normale Superiore"
"neoclassicism","Scuola Normale Superiore"
"neoclassicism","Scuola Normale Superiore"
"18th century","Scuola Normale Superiore"
"18th century","Scuola Normale Superiore"
"18th century","Scuola Normale Superiore"
"middle ages","Scuola Normale Superiore"
"middle ages","Scuola Normale Superiore"
"middle ages","Scuola Normale Superiore"
"middle ages","Scuola Normale Superiore"
"middle ages","Scuola Normale Superiore"
"middle ages","Scuola Normale Superiore"
"19th century","Scuola Normale Superiore"
"early christian art and architecture","Scuola Normale Superiore"
"early christian art and architecture","Scuola Normale Superiore"
"cold war","Scuola Normale Superiore"
"14th century","Scuola Normale Superiore"
"romanticism","Scuola Normale Superiore"
"renaissance","Fondazione Federico Zeri"
"renaissance","Fondazione Federico Zeri"
"renaissance","Fondazione Federico Zeri"
"renaissance","Fondazione Federico Zeri"
"renaissance","Fondazione Federico Zeri"
"renaissance","Fondazione Federico Zeri"
"renaissance","Fondazione Federico Zeri"
"renaissance","Fondazione Federico Zeri"
"renaissance","Fondazione Federico Zeri"
"renaissance","Fondazione Federico Zeri"
"renaissance","Fondazione Federico Zeri"
"15th century","Fondazione Federico Zeri"
"15th century","Fondazione Federico Zeri"
"15th century","Fondazione Federico Zeri"
"15th century","Fondazione Federico Zeri"
"15th century","Fondazione Federico Zeri"
"15th century","Fondazione Federico Zeri"
"15th century","Fondazione Federico Zeri"
"17th century","Fondazione Federico Zeri"
"17th century","Fondazione Federico Zeri"
"17th century","Fondazione Federico Zeri"
"17th century","Fondazione Federico Zeri"
"17th century","Fondazione Federico Zeri"
"17th century","Fondazione Federico Zeri"
"17th century","Fondazione Federico Zeri"
"mannerism","Fondazione Federico Zeri"
"mannerism","Fondazione Federico Zeri"
"mannerism","Fondazione Federico Zeri"
"mannerism","Fondazione Federico Zeri"
"mannerism","Fondazione Federico Zeri"
"mannerism","Fondazione Federico Zeri"
"baroque","Fondazione Federico Zeri"
"baroque","Fondazione Federico Zeri"
"baroque","Fondazione Federico Zeri"
"baroque","Fondazione Federico Zeri"
"baroque","Fondazione Federico Zeri"
"baroque","Fondazione Federico Zeri"
"baroque","Fondazione Federico Zeri"
"baroque","Fondazione Federico Zeri"
"baroque","Fondazione Federico Zeri"
"baroque","Fondazione Federico Zeri"
"baroque","Fondazione Federico Zeri"
"modern art","Fondazione Federico Zeri"
"16th century","Fondazione Federico Zeri"
"16th century","Fondazione Federico Zeri"
"16th century","Fondazione Federico Zeri"
"16th century","Fondazione Federico Zeri"
"16th century","Fondazione Federico Zeri"
"16th century","Fondazione Federico Zeri"
"16th century","Fondazione Federico Zeri"
"16th century","Fondazione Federico Zeri"
"16th century","Fondazione Federico Zeri"
"byzantine art","Fondazione Federico Zeri"
"byzantine art","Fondazione Federico Zeri"
"byzantine art","Fondazione Federico Zeri"
"byzantine art","Fondazione Federico Zeri"
"neoclassicism","Fondazione Federico Zeri"
"neoclassicism","Fondazione Federico Zeri"
"18th century","Fondazione Federico Zeri"
"18th century","Fondazione Federico Zeri"
"18th century","Fondazione Federico Zeri"
"middle ages","Fondazione Federico Zeri"
"middle ages","Fondazione Federico Zeri"
"middle ages","Fondazione Federico Zeri"
"middle ages","Fondazione Federico Zeri"
"middle ages","Fondazione Federico Zeri"
"middle ages","Fondazione Federico Zeri"
"19th century","Fondazione Federico Zeri"
"early christian art and architecture","Fondazione Federico Zeri"
"early christian art and architecture","Fondazione Federico Zeri"
"cold war","Fondazione Federico Zeri"
"14th century","Fondazione Federico Zeri"
"romanticism","Fondazione Federico Zeri"
"renaissance","Bibliotheca Hertziana %u2013 Max Planck Institute of Art History"
"renaissance","Bibliotheca Hertziana %u2013 Max Planck Institute of Art History"
"renaissance","Bibliotheca Hertziana %u2013 Max Planck Institute of Art History"
"renaissance","Bibliotheca Hertziana %u2013 Max Planck Institute of Art History"
"renaissance","Bibliotheca Hertziana %u2013 Max Planck Institute of Art History"
"renaissance","Bibliotheca Hertziana %u2013 Max Planck Institute of Art History"
"renaissance","Bibliotheca Hertziana %u2013 Max Planck Institute of Art History"
"renaissance","Bibliotheca Hertziana %u2013 Max Planck Institute of Art History"
"renaissance","Bibliotheca Hertziana %u2013 Max Planck Institute of Art History"
"renaissance","Bibliotheca Hertziana %u2013 Max Planck Institute of Art History"
"renaissance","Bibliotheca Hertziana %u2013 Max Planck Institute of Art History"
"15th century","Bibliotheca Hertziana %u2013 Max Planck Institute of Art History"
"15th century","Bibliotheca Hertziana %u2013 Max Planck Institute of Art History"
"15th century","Bibliotheca Hertziana %u2013 Max Planck Institute of Art History"
"15th century","Bibliotheca Hertziana %u2013 Max Planck Institute of Art History"
"15th century","Bibliotheca Hertziana %u2013 Max Planck Institute of Art History"
"15th century","Bibliotheca Hertziana %u2013 Max Planck Institute of Art History"
"15th century","Bibliotheca Hertziana %u2013 Max Planck Institute of Art History"
"17th century","Bibliotheca Hertziana %u2013 Max Planck Institute of Art History"
"17th century","Bibliotheca Hertziana %u2013 Max Planck Institute of Art History"
"17th century","Bibliotheca Hertziana %u2013 Max Planck Institute of Art History"
"17th century","Bibliotheca Hertziana %u2013 Max Planck Institute of Art History"
"17th century","Bibliotheca Hertziana %u2013 Max Planck Institute of Art History"
"17th century","Bibliotheca Hertziana %u2013 Max Planck Institute of Art History"
"17th century","Bibliotheca Hertziana %u2013 Max Planck Institute of Art History"
"mannerism","Bibliotheca Hertziana %u2013 Max Planck Institute of Art History"
"mannerism","Bibliotheca Hertziana %u2013 Max Planck Institute of Art History"
"mannerism","Bibliotheca Hertziana %u2013 Max Planck Institute of Art History"
"mannerism","Bibliotheca Hertziana %u2013 Max Planck Institute of Art History"
"mannerism","Bibliotheca Hertziana %u2013 Max Planck Institute of Art History"
"mannerism","Bibliotheca Hertziana %u2013 Max Planck Institute of Art History"
"baroque","Bibliotheca Hertziana %u2013 Max Planck Institute of Art History"
"baroque","Bibliotheca Hertziana %u2013 Max Planck Institute of Art History"
"baroque","Bibliotheca Hertziana %u2013 Max Planck Institute of Art History"
"baroque","Bibliotheca Hertziana %u2013 Max Planck Institute of Art History"
"baroque","Bibliotheca Hertziana %u2013 Max Planck Institute of Art History"
"baroque","Bibliotheca Hertziana %u2013 Max Planck Institute of Art History"
"baroque","Bibliotheca Hertziana %u2013 Max Planck Institute of Art History"
"baroque","Bibliotheca Hertziana %u2013 Max Planck Institute of Art History"
"baroque","Bibliotheca Hertziana %u2013 Max Planck Institute of Art History"
"baroque","Bibliotheca Hertziana %u2013 Max Planck Institute of Art History"
"baroque","Bibliotheca Hertziana %u2013 Max Planck Institute of Art History"
"modern art","Bibliotheca Hertziana %u2013 Max Planck Institute of Art History"
"16th century","Bibliotheca Hertziana %u2013 Max Planck Institute of Art History"
"16th century","Bibliotheca Hertziana %u2013 Max Planck Institute of Art History"
"16th century","Bibliotheca Hertziana %u2013 Max Planck Institute of Art History"
"16th century","Bibliotheca Hertziana %u2013 Max Planck Institute of Art History"
"16th century","Bibliotheca Hertziana %u2013 Max Planck Institute of Art History"
"16th century","Bibliotheca Hertziana %u2013 Max Planck Institute of Art History"
"16th century","Bibliotheca Hertziana %u2013 Max Planck Institute of Art History"
"16th century","Bibliotheca Hertziana %u2013 Max Planck Institute of Art History"
"16th century","Bibliotheca Hertziana %u2013 Max Planck Institute of Art History"
"byzantine art","Bibliotheca Hertziana %u2013 Max Planck Institute of Art History"
"byzantine art","Bibliotheca Hertziana %u2013 Max Planck Institute of Art History"
"byzantine art","Bibliotheca Hertziana %u2013 Max Planck Institute of Art History"
"byzantine art","Bibliotheca Hertziana %u2013 Max Planck Institute of Art History"
"neoclassicism","Bibliotheca Hertziana %u2013 Max Planck Institute of Art History"
"neoclassicism","Bibliotheca Hertziana %u2013 Max Planck Institute of Art History"
"18th century","Bibliotheca Hertziana %u2013 Max Planck Institute of Art History"
"18th century","Bibliotheca Hertziana %u2013 Max Planck Institute of Art History"
"18th century","Bibliotheca Hertziana %u2013 Max Planck Institute of Art History"
"middle ages","Bibliotheca Hertziana %u2013 Max Planck Institute of Art History"
"middle ages","Bibliotheca Hertziana %u2013 Max Planck Institute of Art History"
"middle ages","Bibliotheca Hertziana %u2013 Max Planck Institute of Art History"
"middle ages","Bibliotheca Hertziana %u2013 Max Planck Institute of Art History"
"middle ages","Bibliotheca Hertziana %u2013 Max Planck Institute of Art History"
"middle ages","Bibliotheca Hertziana %u2013 Max Planck Institute of Art History"
"19th century","Bibliotheca Hertziana %u2013 Max Planck Institute of Art History"
"early christian art and architecture","Bibliotheca Hertziana %u2013 Max Planck Institute of Art History"
"early christian art and architecture","Bibliotheca Hertziana %u2013 Max Planck Institute of Art History"
"cold war","Bibliotheca Hertziana %u2013 Max Planck Institute of Art History"
"14th century","Bibliotheca Hertziana %u2013 Max Planck Institute of Art History"
"romanticism","Bibliotheca Hertziana %u2013 Max Planck Institute of Art History"
"renaissance","Bibliotheca Hertziana %u2013 Max Planck Institute of Art History"
"renaissance","Bibliotheca Hertziana %u2013 Max Planck Institute of Art History"
"renaissance","Bibliotheca Hertziana %u2013 Max Planck Institute of Art History"
"renaissance","Bibliotheca Hertziana %u2013 Max Planck Institute of Art History"
"renaissance","Bibliotheca Hertziana %u2013 Max Planck Institute of Art History"
"renaissance","Bibliotheca Hertziana %u2013 Max Planck Institute of Art History"
"renaissance","Bibliotheca Hertziana %u2013 Max Planck Institute of Art History"
"renaissance","Bibliotheca Hertziana %u2013 Max Planck Institute of Art History"
"renaissance","Bibliotheca Hertziana %u2013 Max Planck Institute of Art History"
"renaissance","Bibliotheca Hertziana %u2013 Max Planck Institute of Art History"
"renaissance","Bibliotheca Hertziana %u2013 Max Planck Institute of Art History"
"15th century","Bibliotheca Hertziana %u2013 Max Planck Institute of Art History"
"15th century","Bibliotheca Hertziana %u2013 Max Planck Institute of Art History"
"15th century","Bibliotheca Hertziana %u2013 Max Planck Institute of Art History"
"15th century","Bibliotheca Hertziana %u2013 Max Planck Institute of Art History"
"15th century","Bibliotheca Hertziana %u2013 Max Planck Institute of Art History"
"15th century","Bibliotheca Hertziana %u2013 Max Planck Institute of Art History"
"15th century","Bibliotheca Hertziana %u2013 Max Planck Institute of Art History"
"17th century","Bibliotheca Hertziana %u2013 Max Planck Institute of Art History"
"17th century","Bibliotheca Hertziana %u2013 Max Planck Institute of Art History"
"17th century","Bibliotheca Hertziana %u2013 Max Planck Institute of Art History"
"17th century","Bibliotheca Hertziana %u2013 Max Planck Institute of Art History"
"17th century","Bibliotheca Hertziana %u2013 Max Planck Institute of Art History"
"17th century","Bibliotheca Hertziana %u2013 Max Planck Institute of Art History"
"17th century","Bibliotheca Hertziana %u2013 Max Planck Institute of Art History"
"mannerism","Bibliotheca Hertziana %u2013 Max Planck Institute of Art History"
"mannerism","Bibliotheca Hertziana %u2013 Max Planck Institute of Art History"
"mannerism","Bibliotheca Hertziana %u2013 Max Planck Institute of Art History"
"mannerism","Bibliotheca Hertziana %u2013 Max Planck Institute of Art History"
"mannerism","Bibliotheca Hertziana %u2013 Max Planck Institute of Art History"
"mannerism","Bibliotheca Hertziana %u2013 Max Planck Institute of Art History"
"baroque","Bibliotheca Hertziana %u2013 Max Planck Institute of Art History"
"baroque","Bibliotheca Hertziana %u2013 Max Planck Institute of Art History"
"baroque","Bibliotheca Hertziana %u2013 Max Planck Institute of Art History"
"baroque","Bibliotheca Hertziana %u2013 Max Planck Institute of Art History"
"baroque","Bibliotheca Hertziana %u2013 Max Planck Institute of Art History"
"baroque","Bibliotheca Hertziana %u2013 Max Planck Institute of Art History"
"baroque","Bibliotheca Hertziana %u2013 Max Planck Institute of Art History"
"baroque","Bibliotheca Hertziana %u2013 Max Planck Institute of Art History"
"baroque","Bibliotheca Hertziana %u2013 Max Planck Institute of Art History"
"baroque","Bibliotheca Hertziana %u2013 Max Planck Institute of Art History"
"baroque","Bibliotheca Hertziana %u2013 Max Planck Institute of Art History"
"modern art","Bibliotheca Hertziana %u2013 Max Planck Institute of Art History"
"16th century","Bibliotheca Hertziana %u2013 Max Planck Institute of Art History"
"16th century","Bibliotheca Hertziana %u2013 Max Planck Institute of Art History"
"16th century","Bibliotheca Hertziana %u2013 Max Planck Institute of Art History"
"16th century","Bibliotheca Hertziana %u2013 Max Planck Institute of Art History"
"16th century","Bibliotheca Hertziana %u2013 Max Planck Institute of Art History"
"16th century","Bibliotheca Hertziana %u2013 Max Planck Institute of Art History"
"16th century","Bibliotheca Hertziana %u2013 Max Planck Institute of Art History"
"16th century","Bibliotheca Hertziana %u2013 Max Planck Institute of Art History"
"16th century","Bibliotheca Hertziana %u2013 Max Planck Institute of Art History"
"byzantine art","Bibliotheca Hertziana %u2013 Max Planck Institute of Art History"
"byzantine art","Bibliotheca Hertziana %u2013 Max Planck Institute of Art History"
"byzantine art","Bibliotheca Hertziana %u2013 Max Planck Institute of Art History"
"byzantine art","Bibliotheca Hertziana %u2013 Max Planck Institute of Art History"
"neoclassicism","Bibliotheca Hertziana %u2013 Max Planck Institute of Art History"
"neoclassicism","Bibliotheca Hertziana %u2013 Max Planck Institute of Art History"
"18th century","Bibliotheca Hertziana %u2013 Max Planck Institute of Art History"
"18th century","Bibliotheca Hertziana %u2013 Max Planck Institute of Art History"
"18th century","Bibliotheca Hertziana %u2013 Max Planck Institute of Art History"
"middle ages","Bibliotheca Hertziana %u2013 Max Planck Institute of Art History"
"middle ages","Bibliotheca Hertziana %u2013 Max Planck Institute of Art History"
"middle ages","Bibliotheca Hertziana %u2013 Max Planck Institute of Art History"
"middle ages","Bibliotheca Hertziana %u2013 Max Planck Institute of Art History"
"middle ages","Bibliotheca Hertziana %u2013 Max Planck Institute of Art History"
"middle ages","Bibliotheca Hertziana %u2013 Max Planck Institute of Art History"
"19th century","Bibliotheca Hertziana %u2013 Max Planck Institute of Art History"
"early christian art and architecture","Bibliotheca Hertziana %u2013 Max Planck Institute of Art History"
"early christian art and architecture","Bibliotheca Hertziana %u2013 Max Planck Institute of Art History"
"cold war","Bibliotheca Hertziana %u2013 Max Planck Institute of Art History"
"14th century","Bibliotheca Hertziana %u2013 Max Planck Institute of Art History"
"romanticism","Bibliotheca Hertziana %u2013 Max Planck Institute of Art History"
"renaissance","Bibliotheca Hertziana %u2013 Max Planck Institute of Art History"
"renaissance","Bibliotheca Hertziana %u2013 Max Planck Institute of Art History"
"renaissance","Bibliotheca Hertziana %u2013 Max Planck Institute of Art History"
"renaissance","Bibliotheca Hertziana %u2013 Max Planck Institute of Art History"
"renaissance","Bibliotheca Hertziana %u2013 Max Planck Institute of Art History"
"renaissance","Bibliotheca Hertziana %u2013 Max Planck Institute of Art History"
"renaissance","Bibliotheca Hertziana %u2013 Max Planck Institute of Art History"
"renaissance","Bibliotheca Hertziana %u2013 Max Planck Institute of Art History"
"renaissance","Bibliotheca Hertziana %u2013 Max Planck Institute of Art History"
"renaissance","Bibliotheca Hertziana %u2013 Max Planck Institute of Art History"
"renaissance","Bibliotheca Hertziana %u2013 Max Planck Institute of Art History"
"15th century","Bibliotheca Hertziana %u2013 Max Planck Institute of Art History"
"15th century","Bibliotheca Hertziana %u2013 Max Planck Institute of Art History"
"15th century","Bibliotheca Hertziana %u2013 Max Planck Institute of Art History"
"15th century","Bibliotheca Hertziana %u2013 Max Planck Institute of Art History"
"15th century","Bibliotheca Hertziana %u2013 Max Planck Institute of Art History"
"15th century","Bibliotheca Hertziana %u2013 Max Planck Institute of Art History"
"15th century","Bibliotheca Hertziana %u2013 Max Planck Institute of Art History"
"17th century","Bibliotheca Hertziana %u2013 Max Planck Institute of Art History"
"17th century","Bibliotheca Hertziana %u2013 Max Planck Institute of Art History"
"17th century","Bibliotheca Hertziana %u2013 Max Planck Institute of Art History"
"17th century","Bibliotheca Hertziana %u2013 Max Planck Institute of Art History"
"17th century","Bibliotheca Hertziana %u2013 Max Planck Institute of Art History"
"17th century","Bibliotheca Hertziana %u2013 Max Planck Institute of Art History"
"17th century","Bibliotheca Hertziana %u2013 Max Planck Institute of Art History"
"mannerism","Bibliotheca Hertziana %u2013 Max Planck Institute of Art History"
"mannerism","Bibliotheca Hertziana %u2013 Max Planck Institute of Art History"
"mannerism","Bibliotheca Hertziana %u2013 Max Planck Institute of Art History"
"mannerism","Bibliotheca Hertziana %u2013 Max Planck Institute of Art History"
"mannerism","Bibliotheca Hertziana %u2013 Max Planck Institute of Art History"
"mannerism","Bibliotheca Hertziana %u2013 Max Planck Institute of Art History"
"baroque","Bibliotheca Hertziana %u2013 Max Planck Institute of Art History"
"baroque","Bibliotheca Hertziana %u2013 Max Planck Institute of Art History"
"baroque","Bibliotheca Hertziana %u2013 Max Planck Institute of Art History"
"baroque","Bibliotheca Hertziana %u2013 Max Planck Institute of Art History"
"baroque","Bibliotheca Hertziana %u2013 Max Planck Institute of Art History"
"baroque","Bibliotheca Hertziana %u2013 Max Planck Institute of Art History"
"baroque","Bibliotheca Hertziana %u2013 Max Planck Institute of Art History"
"baroque","Bibliotheca Hertziana %u2013 Max Planck Institute of Art History"
"baroque","Bibliotheca Hertziana %u2013 Max Planck Institute of Art History"
"baroque","Bibliotheca Hertziana %u2013 Max Planck Institute of Art History"
"baroque","Bibliotheca Hertziana %u2013 Max Planck Institute of Art History"
"modern art","Bibliotheca Hertziana %u2013 Max Planck Institute of Art History"
"16th century","Bibliotheca Hertziana %u2013 Max Planck Institute of Art History"
"16th century","Bibliotheca Hertziana %u2013 Max Planck Institute of Art History"
"16th century","Bibliotheca Hertziana %u2013 Max Planck Institute of Art History"
"16th century","Bibliotheca Hertziana %u2013 Max Planck Institute of Art History"
"16th century","Bibliotheca Hertziana %u2013 Max Planck Institute of Art History"
"16th century","Bibliotheca Hertziana %u2013 Max Planck Institute of Art History"
"16th century","Bibliotheca Hertziana %u2013 Max Planck Institute of Art History"
"16th century","Bibliotheca Hertziana %u2013 Max Planck Institute of Art History"
"16th century","Bibliotheca Hertziana %u2013 Max Planck Institute of Art History"
"byzantine art","Bibliotheca Hertziana %u2013 Max Planck Institute of Art History"
"byzantine art","Bibliotheca Hertziana %u2013 Max Planck Institute of Art History"
"byzantine art","Bibliotheca Hertziana %u2013 Max Planck Institute of Art History"
"byzantine art","Bibliotheca Hertziana %u2013 Max Planck Institute of Art History"
"neoclassicism","Bibliotheca Hertziana %u2013 Max Planck Institute of Art History"
"neoclassicism","Bibliotheca Hertziana %u2013 Max Planck Institute of Art History"
"18th century","Bibliotheca Hertziana %u2013 Max Planck Institute of Art History"
"18th century","Bibliotheca Hertziana %u2013 Max Planck Institute of Art History"
"18th century","Bibliotheca Hertziana %u2013 Max Planck Institute of Art History"
"middle ages","Bibliotheca Hertziana %u2013 Max Planck Institute of Art History"
"middle ages","Bibliotheca Hertziana %u2013 Max Planck Institute of Art History"
"middle ages","Bibliotheca Hertziana %u2013 Max Planck Institute of Art History"
"middle ages","Bibliotheca Hertziana %u2013 Max Planck Institute of Art History"
"middle ages","Bibliotheca Hertziana %u2013 Max Planck Institute of Art History"
"middle ages","Bibliotheca Hertziana %u2013 Max Planck Institute of Art History"
"19th century","Bibliotheca Hertziana %u2013 Max Planck Institute of Art History"
"early christian art and architecture","Bibliotheca Hertziana %u2013 Max Planck Institute of Art History"
"early christian art and architecture","Bibliotheca Hertziana %u2013 Max Planck Institute of Art History"
"cold war","Bibliotheca Hertziana %u2013 Max Planck Institute of Art History"
"14th century","Bibliotheca Hertziana %u2013 Max Planck Institute of Art History"
"romanticism","Bibliotheca Hertziana %u2013 Max Planck Institute of Art History"
"renaissance","Bibliotheca Hertziana %u2013 Max Planck Institute of Art History"
"renaissance","Bibliotheca Hertziana %u2013 Max Planck Institute of Art History"
"renaissance","Bibliotheca Hertziana %u2013 Max Planck Institute of Art History"
"renaissance","Bibliotheca Hertziana %u2013 Max Planck Institute of Art History"
"renaissance","Bibliotheca Hertziana %u2013 Max Planck Institute of Art History"
"renaissance","Bibliotheca Hertziana %u2013 Max Planck Institute of Art History"
"renaissance","Bibliotheca Hertziana %u2013 Max Planck Institute of Art History"
"renaissance","Bibliotheca Hertziana %u2013 Max Planck Institute of Art History"
"renaissance","Bibliotheca Hertziana %u2013 Max Planck Institute of Art History"
"renaissance","Bibliotheca Hertziana %u2013 Max Planck Institute of Art History"
"renaissance","Bibliotheca Hertziana %u2013 Max Planck Institute of Art History"
"15th century","Bibliotheca Hertziana %u2013 Max Planck Institute of Art History"
"15th century","Bibliotheca Hertziana %u2013 Max Planck Institute of Art History"
"15th century","Bibliotheca Hertziana %u2013 Max Planck Institute of Art History"
"15th century","Bibliotheca Hertziana %u2013 Max Planck Institute of Art History"
"15th century","Bibliotheca Hertziana %u2013 Max Planck Institute of Art History"
"15th century","Bibliotheca Hertziana %u2013 Max Planck Institute of Art History"
"15th century","Bibliotheca Hertziana %u2013 Max Planck Institute of Art History"
"17th century","Bibliotheca Hertziana %u2013 Max Planck Institute of Art History"
"17th century","Bibliotheca Hertziana %u2013 Max Planck Institute of Art History"
"17th century","Bibliotheca Hertziana %u2013 Max Planck Institute of Art History"
"17th century","Bibliotheca Hertziana %u2013 Max Planck Institute of Art History"
"17th century","Bibliotheca Hertziana %u2013 Max Planck Institute of Art History"
"17th century","Bibliotheca Hertziana %u2013 Max Planck Institute of Art History"
"17th century","Bibliotheca Hertziana %u2013 Max Planck Institute of Art History"
"mannerism","Bibliotheca Hertziana %u2013 Max Planck Institute of Art History"
"mannerism","Bibliotheca Hertziana %u2013 Max Planck Institute of Art History"
"mannerism","Bibliotheca Hertziana %u2013 Max Planck Institute of Art History"
"mannerism","Bibliotheca Hertziana %u2013 Max Planck Institute of Art History"
"mannerism","Bibliotheca Hertziana %u2013 Max Planck Institute of Art History"
"mannerism","Bibliotheca Hertziana %u2013 Max Planck Institute of Art History"
"baroque","Bibliotheca Hertziana %u2013 Max Planck Institute of Art History"
"baroque","Bibliotheca Hertziana %u2013 Max Planck Institute of Art History"
"baroque","Bibliotheca Hertziana %u2013 Max Planck Institute of Art History"
"baroque","Bibliotheca Hertziana %u2013 Max Planck Institute of Art History"
"baroque","Bibliotheca Hertziana %u2013 Max Planck Institute of Art History"
"baroque","Bibliotheca Hertziana %u2013 Max Planck Institute of Art History"
"baroque","Bibliotheca Hertziana %u2013 Max Planck Institute of Art History"
"baroque","Bibliotheca Hertziana %u2013 Max Planck Institute of Art History"
"baroque","Bibliotheca Hertziana %u2013 Max Planck Institute of Art History"
"baroque","Bibliotheca Hertziana %u2013 Max Planck Institute of Art History"
"baroque","Bibliotheca Hertziana %u2013 Max Planck Institute of Art History"
"modern art","Bibliotheca Hertziana %u2013 Max Planck Institute of Art History"
"16th century","Bibliotheca Hertziana %u2013 Max Planck Institute of Art History"
"16th century","Bibliotheca Hertziana %u2013 Max Planck Institute of Art History"
"16th century","Bibliotheca Hertziana %u2013 Max Planck Institute of Art History"
"16th century","Bibliotheca Hertziana %u2013 Max Planck Institute of Art History"
"16th century","Bibliotheca Hertziana %u2013 Max Planck Institute of Art History"
"16th century","Bibliotheca Hertziana %u2013 Max Planck Institute of Art History"
"16th century","Bibliotheca Hertziana %u2013 Max Planck Institute of Art History"
"16th century","Bibliotheca Hertziana %u2013 Max Planck Institute of Art History"
"16th century","Bibliotheca Hertziana %u2013 Max Planck Institute of Art History"
"byzantine art","Bibliotheca Hertziana %u2013 Max Planck Institute of Art History"
"byzantine art","Bibliotheca Hertziana %u2013 Max Planck Institute of Art History"
"byzantine art","Bibliotheca Hertziana %u2013 Max Planck Institute of Art History"
"byzantine art","Bibliotheca Hertziana %u2013 Max Planck Institute of Art History"
"neoclassicism","Bibliotheca Hertziana %u2013 Max Planck Institute of Art History"
"neoclassicism","Bibliotheca Hertziana %u2013 Max Planck Institute of Art History"
"18th century","Bibliotheca Hertziana %u2013 Max Planck Institute of Art History"
"18th century","Bibliotheca Hertziana %u2013 Max Planck Institute of Art History"
"18th century","Bibliotheca Hertziana %u2013 Max Planck Institute of Art History"
"middle ages","Bibliotheca Hertziana %u2013 Max Planck Institute of Art History"
"middle ages","Bibliotheca Hertziana %u2013 Max Planck Institute of Art History"
"middle ages","Bibliotheca Hertziana %u2013 Max Planck Institute of Art History"
"middle ages","Bibliotheca Hertziana %u2013 Max Planck Institute of Art History"
"middle ages","Bibliotheca Hertziana %u2013 Max Planck Institute of Art History"
"middle ages","Bibliotheca Hertziana %u2013 Max Planck Institute of Art History"
"19th century","Bibliotheca Hertziana %u2013 Max Planck Institute of Art History"
"early christian art and architecture","Bibliotheca Hertziana %u2013 Max Planck Institute of Art History"
"early christian art and architecture","Bibliotheca Hertziana %u2013 Max Planck Institute of Art History"
"cold war","Bibliotheca Hertziana %u2013 Max Planck Institute of Art History"
"14th century","Bibliotheca Hertziana %u2013 Max Planck Institute of Art History"
"romanticism","Bibliotheca Hertziana %u2013 Max Planck Institute of Art History"
"renaissance","Kunsthistorisches Institut in Florenz"
"renaissance","Kunsthistorisches Institut in Florenz"
"renaissance","Kunsthistorisches Institut in Florenz"
"renaissance","Kunsthistorisches Institut in Florenz"
"renaissance","Kunsthistorisches Institut in Florenz"
"renaissance","Kunsthistorisches Institut in Florenz"
"renaissance","Kunsthistorisches Institut in Florenz"
"renaissance","Kunsthistorisches Institut in Florenz"
"renaissance","Kunsthistorisches Institut in Florenz"
"renaissance","Kunsthistorisches Institut in Florenz"
"renaissance","Kunsthistorisches Institut in Florenz"
"15th century","Kunsthistorisches Institut in Florenz"
"15th century","Kunsthistorisches Institut in Florenz"
"15th century","Kunsthistorisches Institut in Florenz"
"15th century","Kunsthistorisches Institut in Florenz"
"15th century","Kunsthistorisches Institut in Florenz"
"15th century","Kunsthistorisches Institut in Florenz"
"15th century","Kunsthistorisches Institut in Florenz"
"17th century","Kunsthistorisches Institut in Florenz"
"17th century","Kunsthistorisches Institut in Florenz"
"17th century","Kunsthistorisches Institut in Florenz"
"17th century","Kunsthistorisches Institut in Florenz"
"17th century","Kunsthistorisches Institut in Florenz"
"17th century","Kunsthistorisches Institut in Florenz"
"17th century","Kunsthistorisches Institut in Florenz"
"mannerism","Kunsthistorisches Institut in Florenz"
"mannerism","Kunsthistorisches Institut in Florenz"
"mannerism","Kunsthistorisches Institut in Florenz"
"mannerism","Kunsthistorisches Institut in Florenz"
"mannerism","Kunsthistorisches Institut in Florenz"
"mannerism","Kunsthistorisches Institut in Florenz"
"baroque","Kunsthistorisches Institut in Florenz"
"baroque","Kunsthistorisches Institut in Florenz"
"baroque","Kunsthistorisches Institut in Florenz"
"baroque","Kunsthistorisches Institut in Florenz"
"baroque","Kunsthistorisches Institut in Florenz"
"baroque","Kunsthistorisches Institut in Florenz"
"baroque","Kunsthistorisches Institut in Florenz"
"baroque","Kunsthistorisches Institut in Florenz"
"baroque","Kunsthistorisches Institut in Florenz"
"baroque","Kunsthistorisches Institut in Florenz"
"baroque","Kunsthistorisches Institut in Florenz"
"modern art","Kunsthistorisches Institut in Florenz"
"16th century","Kunsthistorisches Institut in Florenz"
"16th century","Kunsthistorisches Institut in Florenz"
"16th century","Kunsthistorisches Institut in Florenz"
"16th century","Kunsthistorisches Institut in Florenz"
"16th century","Kunsthistorisches Institut in Florenz"
"16th century","Kunsthistorisches Institut in Florenz"
"16th century","Kunsthistorisches Institut in Florenz"
"16th century","Kunsthistorisches Institut in Florenz"
"16th century","Kunsthistorisches Institut in Florenz"
"byzantine art","Kunsthistorisches Institut in Florenz"
"byzantine art","Kunsthistorisches Institut in Florenz"
"byzantine art","Kunsthistorisches Institut in Florenz"
"byzantine art","Kunsthistorisches Institut in Florenz"
"neoclassicism","Kunsthistorisches Institut in Florenz"
"neoclassicism","Kunsthistorisches Institut in Florenz"
"18th century","Kunsthistorisches Institut in Florenz"
"18th century","Kunsthistorisches Institut in Florenz"
"18th century","Kunsthistorisches Institut in Florenz"
"middle ages","Kunsthistorisches Institut in Florenz"
"middle ages","Kunsthistorisches Institut in Florenz"
"middle ages","Kunsthistorisches Institut in Florenz"
"middle ages","Kunsthistorisches Institut in Florenz"
"middle ages","Kunsthistorisches Institut in Florenz"
"middle ages","Kunsthistorisches Institut in Florenz"
"19th century","Kunsthistorisches Institut in Florenz"
"early christian art and architecture","Kunsthistorisches Institut in Florenz"
"early christian art and architecture","Kunsthistorisches Institut in Florenz"
"cold war","Kunsthistorisches Institut in Florenz"
"14th century","Kunsthistorisches Institut in Florenz"
"romanticism","Kunsthistorisches Institut in Florenz"
"renaissance","Kunsthistorisches Institut in Florenz"
"renaissance","Kunsthistorisches Institut in Florenz"
"renaissance","Kunsthistorisches Institut in Florenz"
"renaissance","Kunsthistorisches Institut in Florenz"
"renaissance","Kunsthistorisches Institut in Florenz"
"renaissance","Kunsthistorisches Institut in Florenz"
"renaissance","Kunsthistorisches Institut in Florenz"
"renaissance","Kunsthistorisches Institut in Florenz"
"renaissance","Kunsthistorisches Institut in Florenz"
"renaissance","Kunsthistorisches Institut in Florenz"
"renaissance","Kunsthistorisches Institut in Florenz"
"15th century","Kunsthistorisches Institut in Florenz"
"15th century","Kunsthistorisches Institut in Florenz"
"15th century","Kunsthistorisches Institut in Florenz"
"15th century","Kunsthistorisches Institut in Florenz"
"15th century","Kunsthistorisches Institut in Florenz"
"15th century","Kunsthistorisches Institut in Florenz"
"15th century","Kunsthistorisches Institut in Florenz"
"17th century","Kunsthistorisches Institut in Florenz"
"17th century","Kunsthistorisches Institut in Florenz"
"17th century","Kunsthistorisches Institut in Florenz"
"17th century","Kunsthistorisches Institut in Florenz"
"17th century","Kunsthistorisches Institut in Florenz"
"17th century","Kunsthistorisches Institut in Florenz"
"17th century","Kunsthistorisches Institut in Florenz"
"mannerism","Kunsthistorisches Institut in Florenz"
"mannerism","Kunsthistorisches Institut in Florenz"
"mannerism","Kunsthistorisches Institut in Florenz"
"mannerism","Kunsthistorisches Institut in Florenz"
"mannerism","Kunsthistorisches Institut in Florenz"
"mannerism","Kunsthistorisches Institut in Florenz"
"baroque","Kunsthistorisches Institut in Florenz"
"baroque","Kunsthistorisches Institut in Florenz"
"baroque","Kunsthistorisches Institut in Florenz"
"baroque","Kunsthistorisches Institut in Florenz"
"baroque","Kunsthistorisches Institut in Florenz"
"baroque","Kunsthistorisches Institut in Florenz"
"baroque","Kunsthistorisches Institut in Florenz"
"baroque","Kunsthistorisches Institut in Florenz"
"baroque","Kunsthistorisches Institut in Florenz"
"baroque","Kunsthistorisches Institut in Florenz"
"baroque","Kunsthistorisches Institut in Florenz"
"modern art","Kunsthistorisches Institut in Florenz"
"16th century","Kunsthistorisches Institut in Florenz"
"16th century","Kunsthistorisches Institut in Florenz"
"16th century","Kunsthistorisches Institut in Florenz"
"16th century","Kunsthistorisches Institut in Florenz"
"16th century","Kunsthistorisches Institut in Florenz"
"16th century","Kunsthistorisches Institut in Florenz"
"16th century","Kunsthistorisches Institut in Florenz"
"16th century","Kunsthistorisches Institut in Florenz"
"16th century","Kunsthistorisches Institut in Florenz"
"byzantine art","Kunsthistorisches Institut in Florenz"
"byzantine art","Kunsthistorisches Institut in Florenz"
"byzantine art","Kunsthistorisches Institut in Florenz"
"byzantine art","Kunsthistorisches Institut in Florenz"
"neoclassicism","Kunsthistorisches Institut in Florenz"
"neoclassicism","Kunsthistorisches Institut in Florenz"
"18th century","Kunsthistorisches Institut in Florenz"
"18th century","Kunsthistorisches Institut in Florenz"
"18th century","Kunsthistorisches Institut in Florenz"
"middle ages","Kunsthistorisches Institut in Florenz"
"middle ages","Kunsthistorisches Institut in Florenz"
"middle ages","Kunsthistorisches Institut in Florenz"
"middle ages","Kunsthistorisches Institut in Florenz"
"middle ages","Kunsthistorisches Institut in Florenz"
"middle ages","Kunsthistorisches Institut in Florenz"
"19th century","Kunsthistorisches Institut in Florenz"
"early christian art and architecture","Kunsthistorisches Institut in Florenz"
"early christian art and architecture","Kunsthistorisches Institut in Florenz"
"cold war","Kunsthistorisches Institut in Florenz"
"14th century","Kunsthistorisches Institut in Florenz"
"romanticism","Kunsthistorisches Institut in Florenz"
"renaissance","Kunsthistorisches Institut in Florenz"
"renaissance","Kunsthistorisches Institut in Florenz"
"renaissance","Kunsthistorisches Institut in Florenz"
"renaissance","Kunsthistorisches Institut in Florenz"
"renaissance","Kunsthistorisches Institut in Florenz"
"renaissance","Kunsthistorisches Institut in Florenz"
"renaissance","Kunsthistorisches Institut in Florenz"
"renaissance","Kunsthistorisches Institut in Florenz"
"renaissance","Kunsthistorisches Institut in Florenz"
"renaissance","Kunsthistorisches Institut in Florenz"
"renaissance","Kunsthistorisches Institut in Florenz"
"15th century","Kunsthistorisches Institut in Florenz"
"15th century","Kunsthistorisches Institut in Florenz"
"15th century","Kunsthistorisches Institut in Florenz"
"15th century","Kunsthistorisches Institut in Florenz"
"15th century","Kunsthistorisches Institut in Florenz"
"15th century","Kunsthistorisches Institut in Florenz"
"15th century","Kunsthistorisches Institut in Florenz"
"17th century","Kunsthistorisches Institut in Florenz"
"17th century","Kunsthistorisches Institut in Florenz"
"17th century","Kunsthistorisches Institut in Florenz"
"17th century","Kunsthistorisches Institut in Florenz"
"17th century","Kunsthistorisches Institut in Florenz"
"17th century","Kunsthistorisches Institut in Florenz"
"17th century","Kunsthistorisches Institut in Florenz"
"mannerism","Kunsthistorisches Institut in Florenz"
"mannerism","Kunsthistorisches Institut in Florenz"
"mannerism","Kunsthistorisches Institut in Florenz"
"mannerism","Kunsthistorisches Institut in Florenz"
"mannerism","Kunsthistorisches Institut in Florenz"
"mannerism","Kunsthistorisches Institut in Florenz"
"baroque","Kunsthistorisches Institut in Florenz"
"baroque","Kunsthistorisches Institut in Florenz"
"baroque","Kunsthistorisches Institut in Florenz"
"baroque","Kunsthistorisches Institut in Florenz"
"baroque","Kunsthistorisches Institut in Florenz"
"baroque","Kunsthistorisches Institut in Florenz"
"baroque","Kunsthistorisches Institut in Florenz"
"baroque","Kunsthistorisches Institut in Florenz"
"baroque","Kunsthistorisches Institut in Florenz"
"baroque","Kunsthistorisches Institut in Florenz"
"baroque","Kunsthistorisches Institut in Florenz"
"modern art","Kunsthistorisches Institut in Florenz"
"16th century","Kunsthistorisches Institut in Florenz"
"16th century","Kunsthistorisches Institut in Florenz"
"16th century","Kunsthistorisches Institut in Florenz"
"16th century","Kunsthistorisches Institut in Florenz"
"16th century","Kunsthistorisches Institut in Florenz"
"16th century","Kunsthistorisches Institut in Florenz"
"16th century","Kunsthistorisches Institut in Florenz"
"16th century","Kunsthistorisches Institut in Florenz"
"16th century","Kunsthistorisches Institut in Florenz"
"byzantine art","Kunsthistorisches Institut in Florenz"
"byzantine art","Kunsthistorisches Institut in Florenz"
"byzantine art","Kunsthistorisches Institut in Florenz"
"byzantine art","Kunsthistorisches Institut in Florenz"
"neoclassicism","Kunsthistorisches Institut in Florenz"
"neoclassicism","Kunsthistorisches Institut in Florenz"
"18th century","Kunsthistorisches Institut in Florenz"
"18th century","Kunsthistorisches Institut in Florenz"
"18th century","Kunsthistorisches Institut in Florenz"
"middle ages","Kunsthistorisches Institut in Florenz"
"middle ages","Kunsthistorisches Institut in Florenz"
"middle ages","Kunsthistorisches Institut in Florenz"
"middle ages","Kunsthistorisches Institut in Florenz"
"middle ages","Kunsthistorisches Institut in Florenz"
"middle ages","Kunsthistorisches Institut in Florenz"
"19th century","Kunsthistorisches Institut in Florenz"
"early christian art and architecture","Kunsthistorisches Institut in Florenz"
"early christian art and architecture","Kunsthistorisches Institut in Florenz"
"cold war","Kunsthistorisches Institut in Florenz"
"14th century","Kunsthistorisches Institut in Florenz"
"romanticism","Kunsthistorisches Institut in Florenz"
"renaissance","Kunsthistorisches Institut in Florenz"
"renaissance","Kunsthistorisches Institut in Florenz"
"renaissance","Kunsthistorisches Institut in Florenz"
"renaissance","Kunsthistorisches Institut in Florenz"
"renaissance","Kunsthistorisches Institut in Florenz"
"renaissance","Kunsthistorisches Institut in Florenz"
"renaissance","Kunsthistorisches Institut in Florenz"
"renaissance","Kunsthistorisches Institut in Florenz"
"renaissance","Kunsthistorisches Institut in Florenz"
"renaissance","Kunsthistorisches Institut in Florenz"
"renaissance","Kunsthistorisches Institut in Florenz"
"15th century","Kunsthistorisches Institut in Florenz"
"15th century","Kunsthistorisches Institut in Florenz"
"15th century","Kunsthistorisches Institut in Florenz"
"15th century","Kunsthistorisches Institut in Florenz"
"15th century","Kunsthistorisches Institut in Florenz"
"15th century","Kunsthistorisches Institut in Florenz"
"15th century","Kunsthistorisches Institut in Florenz"
"17th century","Kunsthistorisches Institut in Florenz"
"17th century","Kunsthistorisches Institut in Florenz"
"17th century","Kunsthistorisches Institut in Florenz"
"17th century","Kunsthistorisches Institut in Florenz"
"17th century","Kunsthistorisches Institut in Florenz"
"17th century","Kunsthistorisches Institut in Florenz"
"17th century","Kunsthistorisches Institut in Florenz"
"mannerism","Kunsthistorisches Institut in Florenz"
"mannerism","Kunsthistorisches Institut in Florenz"
"mannerism","Kunsthistorisches Institut in Florenz"
"mannerism","Kunsthistorisches Institut in Florenz"
"mannerism","Kunsthistorisches Institut in Florenz"
"mannerism","Kunsthistorisches Institut in Florenz"
"baroque","Kunsthistorisches Institut in Florenz"
"baroque","Kunsthistorisches Institut in Florenz"
"baroque","Kunsthistorisches Institut in Florenz"
"baroque","Kunsthistorisches Institut in Florenz"
"baroque","Kunsthistorisches Institut in Florenz"
"baroque","Kunsthistorisches Institut in Florenz"
"baroque","Kunsthistorisches Institut in Florenz"
"baroque","Kunsthistorisches Institut in Florenz"
"baroque","Kunsthistorisches Institut in Florenz"
"baroque","Kunsthistorisches Institut in Florenz"
"baroque","Kunsthistorisches Institut in Florenz"
"modern art","Kunsthistorisches Institut in Florenz"
"16th century","Kunsthistorisches Institut in Florenz"
"16th century","Kunsthistorisches Institut in Florenz"
"16th century","Kunsthistorisches Institut in Florenz"
"16th century","Kunsthistorisches Institut in Florenz"
"16th century","Kunsthistorisches Institut in Florenz"
"16th century","Kunsthistorisches Institut in Florenz"
"16th century","Kunsthistorisches Institut in Florenz"
"16th century","Kunsthistorisches Institut in Florenz"
"16th century","Kunsthistorisches Institut in Florenz"
"byzantine art","Kunsthistorisches Institut in Florenz"
"byzantine art","Kunsthistorisches Institut in Florenz"
"byzantine art","Kunsthistorisches Institut in Florenz"
"byzantine art","Kunsthistorisches Institut in Florenz"
"neoclassicism","Kunsthistorisches Institut in Florenz"
"neoclassicism","Kunsthistorisches Institut in Florenz"
"18th century","Kunsthistorisches Institut in Florenz"
"18th century","Kunsthistorisches Institut in Florenz"
"18th century","Kunsthistorisches Institut in Florenz"
"middle ages","Kunsthistorisches Institut in Florenz"
"middle ages","Kunsthistorisches Institut in Florenz"
"middle ages","Kunsthistorisches Institut in Florenz"
"middle ages","Kunsthistorisches Institut in Florenz"
"middle ages","Kunsthistorisches Institut in Florenz"
"middle ages","Kunsthistorisches Institut in Florenz"
"19th century","Kunsthistorisches Institut in Florenz"
"early christian art and architecture","Kunsthistorisches Institut in Florenz"
"early christian art and architecture","Kunsthistorisches Institut in Florenz"
"cold war","Kunsthistorisches Institut in Florenz"
"14th century","Kunsthistorisches Institut in Florenz"
"romanticism","Kunsthistorisches Institut in Florenz"
"renaissance","Kunsthistorisches Institut in Florenz"
"renaissance","Kunsthistorisches Institut in Florenz"
"renaissance","Kunsthistorisches Institut in Florenz"
"renaissance","Kunsthistorisches Institut in Florenz"
"renaissance","Kunsthistorisches Institut in Florenz"
"renaissance","Kunsthistorisches Institut in Florenz"
"renaissance","Kunsthistorisches Institut in Florenz"
"renaissance","Kunsthistorisches Institut in Florenz"
"renaissance","Kunsthistorisches Institut in Florenz"
"renaissance","Kunsthistorisches Institut in Florenz"
"renaissance","Kunsthistorisches Institut in Florenz"
"15th century","Kunsthistorisches Institut in Florenz"
"15th century","Kunsthistorisches Institut in Florenz"
"15th century","Kunsthistorisches Institut in Florenz"
"15th century","Kunsthistorisches Institut in Florenz"
"15th century","Kunsthistorisches Institut in Florenz"
"15th century","Kunsthistorisches Institut in Florenz"
"15th century","Kunsthistorisches Institut in Florenz"
"17th century","Kunsthistorisches Institut in Florenz"
"17th century","Kunsthistorisches Institut in Florenz"
"17th century","Kunsthistorisches Institut in Florenz"
"17th century","Kunsthistorisches Institut in Florenz"
"17th century","Kunsthistorisches Institut in Florenz"
"17th century","Kunsthistorisches Institut in Florenz"
"17th century","Kunsthistorisches Institut in Florenz"
"mannerism","Kunsthistorisches Institut in Florenz"
"mannerism","Kunsthistorisches Institut in Florenz"
"mannerism","Kunsthistorisches Institut in Florenz"
"mannerism","Kunsthistorisches Institut in Florenz"
"mannerism","Kunsthistorisches Institut in Florenz"
"mannerism","Kunsthistorisches Institut in Florenz"
"baroque","Kunsthistorisches Institut in Florenz"
"baroque","Kunsthistorisches Institut in Florenz"
"baroque","Kunsthistorisches Institut in Florenz"
"baroque","Kunsthistorisches Institut in Florenz"
"baroque","Kunsthistorisches Institut in Florenz"
"baroque","Kunsthistorisches Institut in Florenz"
"baroque","Kunsthistorisches Institut in Florenz"
"baroque","Kunsthistorisches Institut in Florenz"
"baroque","Kunsthistorisches Institut in Florenz"
"baroque","Kunsthistorisches Institut in Florenz"
"baroque","Kunsthistorisches Institut in Florenz"
"modern art","Kunsthistorisches Institut in Florenz"
"16th century","Kunsthistorisches Institut in Florenz"
"16th century","Kunsthistorisches Institut in Florenz"
"16th century","Kunsthistorisches Institut in Florenz"
"16th century","Kunsthistorisches Institut in Florenz"
"16th century","Kunsthistorisches Institut in Florenz"
"16th century","Kunsthistorisches Institut in Florenz"
"16th century","Kunsthistorisches Institut in Florenz"
"16th century","Kunsthistorisches Institut in Florenz"
"16th century","Kunsthistorisches Institut in Florenz"
"byzantine art","Kunsthistorisches Institut in Florenz"
"byzantine art","Kunsthistorisches Institut in Florenz"
"byzantine art","Kunsthistorisches Institut in Florenz"
"byzantine art","Kunsthistorisches Institut in Florenz"
"neoclassicism","Kunsthistorisches Institut in Florenz"
"neoclassicism","Kunsthistorisches Institut in Florenz"
"18th century","Kunsthistorisches Institut in Florenz"
"18th century","Kunsthistorisches Institut in Florenz"
"18th century","Kunsthistorisches Institut in Florenz"
"middle ages","Kunsthistorisches Institut in Florenz"
"middle ages","Kunsthistorisches Institut in Florenz"
"middle ages","Kunsthistorisches Institut in Florenz"
"middle ages","Kunsthistorisches Institut in Florenz"
"middle ages","Kunsthistorisches Institut in Florenz"
"middle ages","Kunsthistorisches Institut in Florenz"
"19th century","Kunsthistorisches Institut in Florenz"
"early christian art and architecture","Kunsthistorisches Institut in Florenz"
"early christian art and architecture","Kunsthistorisches Institut in Florenz"
"cold war","Kunsthistorisches Institut in Florenz"
"14th century","Kunsthistorisches Institut in Florenz"
"romanticism","Kunsthistorisches Institut in Florenz"
"renaissance","Kunsthistorisches Institut in Florenz"
"renaissance","Kunsthistorisches Institut in Florenz"
"renaissance","Kunsthistorisches Institut in Florenz"
"renaissance","Kunsthistorisches Institut in Florenz"
"renaissance","Kunsthistorisches Institut in Florenz"
"renaissance","Kunsthistorisches Institut in Florenz"
"renaissance","Kunsthistorisches Institut in Florenz"
"renaissance","Kunsthistorisches Institut in Florenz"
"renaissance","Kunsthistorisches Institut in Florenz"
"renaissance","Kunsthistorisches Institut in Florenz"
"renaissance","Kunsthistorisches Institut in Florenz"
"15th century","Kunsthistorisches Institut in Florenz"
"15th century","Kunsthistorisches Institut in Florenz"
"15th century","Kunsthistorisches Institut in Florenz"
"15th century","Kunsthistorisches Institut in Florenz"
"15th century","Kunsthistorisches Institut in Florenz"
"15th century","Kunsthistorisches Institut in Florenz"
"15th century","Kunsthistorisches Institut in Florenz"
"17th century","Kunsthistorisches Institut in Florenz"
"17th century","Kunsthistorisches Institut in Florenz"
"17th century","Kunsthistorisches Institut in Florenz"
"17th century","Kunsthistorisches Institut in Florenz"
"17th century","Kunsthistorisches Institut in Florenz"
"17th century","Kunsthistorisches Institut in Florenz"
"17th century","Kunsthistorisches Institut in Florenz"
"mannerism","Kunsthistorisches Institut in Florenz"
"mannerism","Kunsthistorisches Institut in Florenz"
"mannerism","Kunsthistorisches Institut in Florenz"
"mannerism","Kunsthistorisches Institut in Florenz"
"mannerism","Kunsthistorisches Institut in Florenz"
"mannerism","Kunsthistorisches Institut in Florenz"
"baroque","Kunsthistorisches Institut in Florenz"
"baroque","Kunsthistorisches Institut in Florenz"
"baroque","Kunsthistorisches Institut in Florenz"
"baroque","Kunsthistorisches Institut in Florenz"
"baroque","Kunsthistorisches Institut in Florenz"
"baroque","Kunsthistorisches Institut in Florenz"
"baroque","Kunsthistorisches Institut in Florenz"
"baroque","Kunsthistorisches Institut in Florenz"
"baroque","Kunsthistorisches Institut in Florenz"
"baroque","Kunsthistorisches Institut in Florenz"
"baroque","Kunsthistorisches Institut in Florenz"
"modern art","Kunsthistorisches Institut in Florenz"
"16th century","Kunsthistorisches Institut in Florenz"
"16th century","Kunsthistorisches Institut in Florenz"
"16th century","Kunsthistorisches Institut in Florenz"
"16th century","Kunsthistorisches Institut in Florenz"
"16th century","Kunsthistorisches Institut in Florenz"
"16th century","Kunsthistorisches Institut in Florenz"
"16th century","Kunsthistorisches Institut in Florenz"
"16th century","Kunsthistorisches Institut in Florenz"
"16th century","Kunsthistorisches Institut in Florenz"
"byzantine art","Kunsthistorisches Institut in Florenz"
"byzantine art","Kunsthistorisches Institut in Florenz"
"byzantine art","Kunsthistorisches Institut in Florenz"
"byzantine art","Kunsthistorisches Institut in Florenz"
"neoclassicism","Kunsthistorisches Institut in Florenz"
"neoclassicism","Kunsthistorisches Institut in Florenz"
"18th century","Kunsthistorisches Institut in Florenz"
"18th century","Kunsthistorisches Institut in Florenz"
"18th century","Kunsthistorisches Institut in Florenz"
"middle ages","Kunsthistorisches Institut in Florenz"
"middle ages","Kunsthistorisches Institut in Florenz"
"middle ages","Kunsthistorisches Institut in Florenz"
"middle ages","Kunsthistorisches Institut in Florenz"
"middle ages","Kunsthistorisches Institut in Florenz"
"middle ages","Kunsthistorisches Institut in Florenz"
"19th century","Kunsthistorisches Institut in Florenz"
"early christian art and architecture","Kunsthistorisches Institut in Florenz"
"early christian art and architecture","Kunsthistorisches Institut in Florenz"
"cold war","Kunsthistorisches Institut in Florenz"
"14th century","Kunsthistorisches Institut in Florenz"
"romanticism","Kunsthistorisches Institut in Florenz"
"renaissance","Kunsthistorisches Institut in Florenz"
"renaissance","Kunsthistorisches Institut in Florenz"
"renaissance","Kunsthistorisches Institut in Florenz"
"renaissance","Kunsthistorisches Institut in Florenz"
"renaissance","Kunsthistorisches Institut in Florenz"
"renaissance","Kunsthistorisches Institut in Florenz"
"renaissance","Kunsthistorisches Institut in Florenz"
"renaissance","Kunsthistorisches Institut in Florenz"
"renaissance","Kunsthistorisches Institut in Florenz"
"renaissance","Kunsthistorisches Institut in Florenz"
"renaissance","Kunsthistorisches Institut in Florenz"
"15th century","Kunsthistorisches Institut in Florenz"
"15th century","Kunsthistorisches Institut in Florenz"
"15th century","Kunsthistorisches Institut in Florenz"
"15th century","Kunsthistorisches Institut in Florenz"
"15th century","Kunsthistorisches Institut in Florenz"
"15th century","Kunsthistorisches Institut in Florenz"
"15th century","Kunsthistorisches Institut in Florenz"
"17th century","Kunsthistorisches Institut in Florenz"
"17th century","Kunsthistorisches Institut in Florenz"
"17th century","Kunsthistorisches Institut in Florenz"
"17th century","Kunsthistorisches Institut in Florenz"
"17th century","Kunsthistorisches Institut in Florenz"
"17th century","Kunsthistorisches Institut in Florenz"
"17th century","Kunsthistorisches Institut in Florenz"
"mannerism","Kunsthistorisches Institut in Florenz"
"mannerism","Kunsthistorisches Institut in Florenz"
"mannerism","Kunsthistorisches Institut in Florenz"
"mannerism","Kunsthistorisches Institut in Florenz"
"mannerism","Kunsthistorisches Institut in Florenz"
"mannerism","Kunsthistorisches Institut in Florenz"
"baroque","Kunsthistorisches Institut in Florenz"
"baroque","Kunsthistorisches Institut in Florenz"
"baroque","Kunsthistorisches Institut in Florenz"
"baroque","Kunsthistorisches Institut in Florenz"
"baroque","Kunsthistorisches Institut in Florenz"
"baroque","Kunsthistorisches Institut in Florenz"
"baroque","Kunsthistorisches Institut in Florenz"
"baroque","Kunsthistorisches Institut in Florenz"
"baroque","Kunsthistorisches Institut in Florenz"
"baroque","Kunsthistorisches Institut in Florenz"
"baroque","Kunsthistorisches Institut in Florenz"
"modern art","Kunsthistorisches Institut in Florenz"
"16th century","Kunsthistorisches Institut in Florenz"
"16th century","Kunsthistorisches Institut in Florenz"
"16th century","Kunsthistorisches Institut in Florenz"
"16th century","Kunsthistorisches Institut in Florenz"
"16th century","Kunsthistorisches Institut in Florenz"
"16th century","Kunsthistorisches Institut in Florenz"
"16th century","Kunsthistorisches Institut in Florenz"
"16th century","Kunsthistorisches Institut in Florenz"
"16th century","Kunsthistorisches Institut in Florenz"
"byzantine art","Kunsthistorisches Institut in Florenz"
"byzantine art","Kunsthistorisches Institut in Florenz"
"byzantine art","Kunsthistorisches Institut in Florenz"
"byzantine art","Kunsthistorisches Institut in Florenz"
"neoclassicism","Kunsthistorisches Institut in Florenz"
"neoclassicism","Kunsthistorisches Institut in Florenz"
"18th century","Kunsthistorisches Institut in Florenz"
"18th century","Kunsthistorisches Institut in Florenz"
"18th century","Kunsthistorisches Institut in Florenz"
"middle ages","Kunsthistorisches Institut in Florenz"
"middle ages","Kunsthistorisches Institut in Florenz"
"middle ages","Kunsthistorisches Institut in Florenz"
"middle ages","Kunsthistorisches Institut in Florenz"
"middle ages","Kunsthistorisches Institut in Florenz"
"middle ages","Kunsthistorisches Institut in Florenz"
"19th century","Kunsthistorisches Institut in Florenz"
"early christian art and architecture","Kunsthistorisches Institut in Florenz"
"early christian art and architecture","Kunsthistorisches Institut in Florenz"
"cold war","Kunsthistorisches Institut in Florenz"
"14th century","Kunsthistorisches Institut in Florenz"
"romanticism","Kunsthistorisches Institut in Florenz"
"renaissance","Kunsthistorisches Institut in Florenz"
"renaissance","Kunsthistorisches Institut in Florenz"
"renaissance","Kunsthistorisches Institut in Florenz"
"renaissance","Kunsthistorisches Institut in Florenz"
"renaissance","Kunsthistorisches Institut in Florenz"
"renaissance","Kunsthistorisches Institut in Florenz"
"renaissance","Kunsthistorisches Institut in Florenz"
"renaissance","Kunsthistorisches Institut in Florenz"
"renaissance","Kunsthistorisches Institut in Florenz"
"renaissance","Kunsthistorisches Institut in Florenz"
"renaissance","Kunsthistorisches Institut in Florenz"
"15th century","Kunsthistorisches Institut in Florenz"
"15th century","Kunsthistorisches Institut in Florenz"
"15th century","Kunsthistorisches Institut in Florenz"
"15th century","Kunsthistorisches Institut in Florenz"
"15th century","Kunsthistorisches Institut in Florenz"
"15th century","Kunsthistorisches Institut in Florenz"
"15th century","Kunsthistorisches Institut in Florenz"
"17th century","Kunsthistorisches Institut in Florenz"
"17th century","Kunsthistorisches Institut in Florenz"
"17th century","Kunsthistorisches Institut in Florenz"
"17th century","Kunsthistorisches Institut in Florenz"
"17th century","Kunsthistorisches Institut in Florenz"
"17th century","Kunsthistorisches Institut in Florenz"
"17th century","Kunsthistorisches Institut in Florenz"
"mannerism","Kunsthistorisches Institut in Florenz"
"mannerism","Kunsthistorisches Institut in Florenz"
"mannerism","Kunsthistorisches Institut in Florenz"
"mannerism","Kunsthistorisches Institut in Florenz"
"mannerism","Kunsthistorisches Institut in Florenz"
"mannerism","Kunsthistorisches Institut in Florenz"
"baroque","Kunsthistorisches Institut in Florenz"
"baroque","Kunsthistorisches Institut in Florenz"
"baroque","Kunsthistorisches Institut in Florenz"
"baroque","Kunsthistorisches Institut in Florenz"
"baroque","Kunsthistorisches Institut in Florenz"
"baroque","Kunsthistorisches Institut in Florenz"
"baroque","Kunsthistorisches Institut in Florenz"
"baroque","Kunsthistorisches Institut in Florenz"
"baroque","Kunsthistorisches Institut in Florenz"
"baroque","Kunsthistorisches Institut in Florenz"
"baroque","Kunsthistorisches Institut in Florenz"
"modern art","Kunsthistorisches Institut in Florenz"
"16th century","Kunsthistorisches Institut in Florenz"
"16th century","Kunsthistorisches Institut in Florenz"
"16th century","Kunsthistorisches Institut in Florenz"
"16th century","Kunsthistorisches Institut in Florenz"
"16th century","Kunsthistorisches Institut in Florenz"
"16th century","Kunsthistorisches Institut in Florenz"
"16th century","Kunsthistorisches Institut in Florenz"
"16th century","Kunsthistorisches Institut in Florenz"
"16th century","Kunsthistorisches Institut in Florenz"
"byzantine art","Kunsthistorisches Institut in Florenz"
"byzantine art","Kunsthistorisches Institut in Florenz"
"byzantine art","Kunsthistorisches Institut in Florenz"
"byzantine art","Kunsthistorisches Institut in Florenz"
"neoclassicism","Kunsthistorisches Institut in Florenz"
"neoclassicism","Kunsthistorisches Institut in Florenz"
"18th century","Kunsthistorisches Institut in Florenz"
"18th century","Kunsthistorisches Institut in Florenz"
"18th century","Kunsthistorisches Institut in Florenz"
"middle ages","Kunsthistorisches Institut in Florenz"
"middle ages","Kunsthistorisches Institut in Florenz"
"middle ages","Kunsthistorisches Institut in Florenz"
"middle ages","Kunsthistorisches Institut in Florenz"
"middle ages","Kunsthistorisches Institut in Florenz"
"middle ages","Kunsthistorisches Institut in Florenz"
"19th century","Kunsthistorisches Institut in Florenz"
"early christian art and architecture","Kunsthistorisches Institut in Florenz"
"early christian art and architecture","Kunsthistorisches Institut in Florenz"
"cold war","Kunsthistorisches Institut in Florenz"
"14th century","Kunsthistorisches Institut in Florenz"
"romanticism","Kunsthistorisches Institut in Florenz"
